id,cycle,setting1,setting2,s2,s3,s4,s6,s7,s8,s9,s11,s12,s13,s14,s15,s17,s20,s21,av2,av3,av4,av6,av7,av8,av9,av11,av12,av13,av14,av15,av17,av20,av21,sd2,sd3,sd4,sd6,sd7,sd8,sd9,sd11,sd12,sd13,sd14,sd15,sd17,sd20,sd21,ttf,label_bnc
1,31,-0.0006,0.0004,642.58,1581.22,1398.91,21.61,554.42,2388.08,9056.4,47.23,521.79,2388.06,8130.11,8.4024,393,38.81,23.3552,642.266,1586.998,1399.918,21.61,554.116,2388.082,9050.324,47.288,521.924,2388.064,8132.031999999999,8.4262,392.0,38.924,23.3735,0.3938654592622749,4.683862722155818,1.3626885190693168,0.0,0.3382750360282371,0.0083666002626857,5.200800899864842,0.1522169504358771,0.2615912842582457,0.0288097205818325,3.302941113616208,0.0211740407102672,0.7071067811865349,0.1240161279834249,0.0250372722156417,112,0
2,49,0.0018,-0.0001,642.55,1586.59,1410.83,21.61,553.52,2388.1,9044.77,47.67,521.74,2388.09,8126.9,8.4505,391,38.81,23.2618,642.672,1588.342,1406.778,21.61,553.748,2388.108,9047.032,47.506,521.5959999999999,2388.102,8127.672,8.442260000000001,392.2,38.902,23.27434,0.1678392087685813,1.559669836855882,4.535578243179136,0.0,0.3577289476685887,0.0443846820428802,3.0449006551892297,0.0983869910099811,0.4502554830314395,0.0083666002633017,1.370062042394412,0.0114292606935048,1.095445115010327,0.0697853852894948,0.0278204600968161,98,0
3,126,-0.0016,0.0004,642.88,1589.75,1418.89,21.61,552.59,2388.16,9049.26,47.88,520.83,2388.14,8131.46,8.4119,395,38.93,23.274,642.874,1592.64,1413.35,21.61,552.702,2388.166,9047.406,47.706,520.722,2388.174,8129.666,8.458680000000001,394.2,38.686,23.24412,0.287367360707529,4.20515160249804,3.3579755806130582,0.0,0.2926089540679025,0.0288097205771978,1.608782148051204,0.1119374825517177,0.4182343840482983,0.029664793953833,2.97909046522832,0.030924294656452,0.8366600265340581,0.1436314728741723,0.018966470414912,69,0
4,106,0.0012,0.0004,642.78,1594.53,1406.88,21.61,552.64,2388.13,9051.3,47.65,521.88,2388.11,8133.64,8.4634,395,38.58,23.2581,642.786,1591.918,1410.736,21.61,553.4440000000001,2388.116,9054.8,47.642,521.434,2388.114,8134.327999999999,8.45182,393.6,38.758,23.25156,0.1064424727221961,2.818611360226509,5.28210469415376,0.0,0.5909991539757856,0.0581377674138031,4.536805043195924,0.0465832587952593,0.3632905173548242,0.0270185121721487,0.6229526466863214,0.0212488117314818,1.3416407864998463,0.1263724653553902,0.021105994409164,82,0
5,98,-0.0013,-0.0004,642.27,1589.94,1419.36,21.61,553.29,2388.1,9053.99,47.46,521.0,2388.15,8125.74,8.4362,394,38.75,23.4117,642.702,1591.568,1411.7959999999998,21.61,553.158,2388.1220000000003,9053.329999999998,47.536,521.0620000000001,2388.134,8128.798,8.43662,393.4,38.81,23.29114,0.2595573154426523,1.4966195241288442,5.309739164969908,0.0,0.4541695718560228,0.0389871773803303,3.212716918741053,0.1591540134586584,0.2602306669087869,0.0230217288651814,1.923608588034124,0.0096274087894904,0.5477225575052446,0.0919238815542428,0.1011001137487052,91,0
6,105,0.0076,-0.0003,643.05,1586.94,1404.49,21.61,553.73,2388.14,9055.83,47.51,521.56,2388.15,8139.02,8.4452,393,38.91,23.3269,642.586,1588.934,1406.044,21.610000000000003,553.2900000000001,2388.146,9052.462,47.516,521.382,2388.116,8132.738,8.448739999999999,392.8,38.774,23.28456,0.512474389604062,1.860653111139795,1.7129594274229538,0.0,0.3166228039796449,0.0260768096249242,2.259617224219064,0.0698569967862527,0.2057182539298491,0.0288097205849993,4.295633829830146,0.0074875229549238,0.4472135955000326,0.1533949151699649,0.0717942755378303,93,0
7,160,0.0016,-0.0001,642.1,1589.59,1413.57,21.61,553.42,2388.04,9070.99,47.32,522.32,2388.07,8149.19,8.4028,393,38.91,23.2763,642.216,1587.0220000000002,1407.3719999999998,21.61,553.876,2388.028,9067.832,47.35,522.192,2388.054,8145.867999999999,8.4241,393.0,38.956,23.33198,0.3095642098171104,3.2244798030055986,5.8127936484966805,0.0,0.4504220243289351,0.0216794833881762,7.970515667125185,0.0897217922245523,0.3264506088216328,0.0320936130681938,2.739885034087493,0.0167182534973258,0.0,0.0983869910099934,0.0636944817075998,91,0
8,166,0.0016,-0.0005,642.59,1591.91,1413.89,21.61,553.51,2388.14,9049.96,47.59,520.53,2388.12,8127.84,8.4744,393,38.73,23.2465,642.8900000000001,1592.436,1410.176,21.610000000000003,553.184,2388.13,9049.198,47.546,520.892,2388.1159999999995,8129.840000000001,8.4539,392.8,38.78,23.29198,0.2610555496438774,3.8163241476589023,4.324191253863985,0.0,0.3369421315314829,0.0264575131087139,3.1616641187870465,0.0502991053598645,0.2071714266021333,0.0230217288651221,2.017424100181237,0.0183013660692254,0.4472135954999373,0.0543139024558603,0.0364366848107699,95,0
9,55,-0.0003,0.0004,642.27,1593.61,1410.27,21.61,552.58,2388.13,9057.57,47.58,521.65,2388.16,8134.76,8.4293,392,38.78,23.3515,642.55,1588.58,1407.5300000000002,21.61,553.2520000000001,2388.134,9052.437999999998,47.584,521.528,2388.1420000000003,8133.514,8.44332,392.8,38.794,23.33906,0.344746283518452,3.6429589621621994,2.5808428855699628,0.0,0.5222738745142993,0.0054772255759235,4.220565128039841,0.0923579991121667,0.3614830563109685,0.0383405790237512,3.909556240800356,0.0135250508317064,0.836660026534056,0.0151657508879172,0.0479284153712673,111,0
10,192,-0.0018,0.0004,643.0,1589.5,1398.99,21.61,552.88,2388.11,9060.88,47.59,521.82,2388.08,8141.91,8.4194,393,38.79,23.2956,642.798,1589.724,1403.658,21.61,553.574,2388.094,9061.646,47.436,521.546,2388.056,8140.204,8.4301,392.8,38.864,23.2793,0.2350957251852088,4.128611146621649,6.276373953167783,4.01717210374314e-09,0.4933862584219807,0.032863353450575,2.6367745447828623,0.1786896751355297,0.161493033903284,0.016733200525445,3.062242642242869,0.0304894243960088,0.8366600265340411,0.0879204185613404,0.0558610329299524,96,0
11,83,0.0001,0.0004,642.42,1587.73,1414.22,21.61,552.8,2388.21,9037.11,47.67,520.74,2388.18,8116.85,8.464,394,38.66,23.2908,642.8,1592.378,1415.558,21.61,553.192,2388.1940000000004,9035.544,47.59,520.854,2388.154,8117.526000000001,8.449060000000001,392.6,38.722,23.26474,0.3153569406245892,5.906282248589027,4.898134338703144,0.0,0.4130617387270168,0.0415932686903416,3.631236703944908,0.1214495780149244,0.3236201477040822,0.0409878030642846,1.384857393391133,0.013243413457267,1.3416407864998476,0.0960208310732664,0.0444611403362392,97,0
12,217,0.0013,0.0003,642.59,1595.9,1409.64,21.61,553.36,2388.04,9074.24,47.37,522.03,2388.02,8155.74,8.4482,393,38.81,23.2861,642.446,1587.834,1407.396,21.61,553.8019999999999,2388.046,9069.73,47.40599999999999,521.818,2388.056,8150.048,8.43058,392.4,38.784,23.32662,0.2773625785851039,5.075882189333513,2.323645842212697,0.0,0.3032655601940112,0.0313049516839704,4.463496387357572,0.0461519230367577,0.2995329698062396,0.0403732584701762,3.2859960438229177,0.0209869483250704,0.5477225575051505,0.0497995983918257,0.040809765988012,124,0
13,195,0.0032,-0.0004,642.37,1591.31,1414.51,21.61,553.28,2388.1,9060.92,47.52,521.3,2388.12,8146.8,8.4336,394,38.75,23.282,642.5,1590.568,1410.27,21.61,553.502,2388.074,9061.702,47.478,521.682,2388.088,8146.005999999999,8.42418,393.4,38.858,23.30912,0.1099999999989216,3.064501590799729,3.4313918458851083,0.0,0.4394542069431368,0.0357770876446725,1.8604219951419776,0.0593295878968413,0.3380384593487744,0.0443846820455313,3.400555836914707,0.0209598902668959,1.1401754250990948,0.0988433103452264,0.0445586916324021,95,0
14,46,0.0013,-0.0002,642.91,1591.39,1408.35,21.61,553.75,2388.17,9037.35,47.57,520.66,2388.1,8118.1,8.4233,393,38.69,23.2603,642.742,1593.5800000000002,1411.046,21.61,553.2860000000001,2388.172,9036.736,47.64399999999999,521.044,2388.154,8118.444,8.436599999999999,393.0,38.806,23.27582,0.1654388104405015,3.960612326395853,4.346151170864341,0.0,0.318402261298723,0.0363318042489157,4.9301500991321205,0.1246194206373942,0.3103707460439677,0.0472228758123473,3.279547224842287,0.0179865227323086,0.707106781186545,0.0702139587261695,0.0331726845461672,107,0
15,76,-0.0012,-0.0,642.49,1589.21,1400.61,21.61,554.08,2388.1,9056.1,47.25,522.12,2388.11,8139.75,8.4067,392,39.17,23.4085,642.48,1592.5,1402.674,21.61,554.262,2388.068,9056.588,47.342,521.856,2388.07,8134.041999999999,8.41562,392.6,39.02,23.3759,0.3299999999998045,4.8083625071313865,5.262488004737556,0.0,0.3000333314820538,0.0363318042502341,4.445151291011136,0.1134460224071533,0.3162751966246321,0.0393700393690542,4.0406645493017495,0.0059562572140591,0.8944271909999043,0.0894427191000031,0.0710610652889525,83,0
16,113,-0.0005,0.0002,642.99,1587.03,1401.0,21.61,554.6,2388.08,9059.75,47.37,521.77,2388.08,8147.4,8.4299,391,38.81,23.304,642.4939999999999,1587.076,1400.994,21.61,554.202,2388.052,9062.124,47.338,521.662,2388.054,8144.983999999999,8.42234,391.8,38.916,23.3286,0.3013801586041141,3.917924195285017,1.8855317552352748,0.0,0.2378444870076362,0.0311448230051796,2.66721390218444,0.0589067059000935,0.2194766502393527,0.018165902122268,5.584839299390934,0.008881047235543,1.095445115010405,0.0861974477580498,0.0740161806634138,84,0
17,165,0.0009,-0.0001,642.9,1599.17,1412.54,21.61,553.49,2388.06,9094.72,47.55,521.52,2388.03,8171.98,8.4319,394,38.7,23.2948,642.8219999999999,1592.718,1411.858,21.610000000000003,553.4359999999999,2388.056,9094.454000000002,47.5,521.666,2388.032,8169.829999999999,8.44386,393.4,38.80200000000001,23.27912,0.2635716221431955,6.113359959955936,4.486754952080177,0.0,0.3981582599899078,0.0167332005235902,0.7654279852293435,0.0781024967591094,0.4044502441592214,0.0178885438190636,2.8194414340830365,0.0283151549527716,1.1401754250991212,0.1073312629199313,0.0366918519565717,50,0
18,133,0.0007,0.0001,643.0,1600.45,1419.18,21.61,553.36,2388.14,9056.09,47.7,521.06,2388.19,8136.8,8.4418,395,38.71,23.2637,642.942,1597.098,1414.466,21.610000000000003,553.3340000000001,2388.154,9056.97,47.628,521.1479999999999,2388.13,8134.973999999999,8.4525,393.4,38.658,23.24172,0.274899981812261,4.087257026414007,4.717873461637129,4.01717210374314e-09,0.4842313496661908,0.0288097205837513,6.65923794439547,0.098843310345239,0.1944736486045979,0.0353553390569768,1.7059542784380182,0.0225959067089617,1.1401754250991258,0.0739594483483358,0.0504544051594438,28,1
19,135,0.0004,0.0003,642.79,1588.88,1406.32,21.61,553.87,2388.1,9055.54,47.35,521.48,2388.06,8140.2,8.4768,393,38.83,23.3297,642.4680000000001,1588.082,1403.904,21.608,553.9979999999999,2388.07,9061.098,47.474,521.672,2388.066,8141.589999999999,8.4232,392.8,38.886,23.32676,0.2487368086960675,3.518226826114592,4.089991442536707,0.0044721359549988,0.435970182466838,0.0308220700114133,4.2360854571333935,0.0709224929060749,0.2391024884861106,0.0194935886853593,3.5569017416913637,0.0367249914908104,0.8366600265340518,0.0343511280745721,0.0322773604868174,87,0
20,184,-0.0006,-0.0004,643.75,1595.12,1419.6,21.61,552.19,2388.14,9066.49,48.13,520.64,2388.21,8138.86,8.469,395,38.35,23.0242,643.4979999999999,1598.786,1421.462,21.61,551.786,2388.198,9062.38,48.008,520.452,2388.222,8140.117999999999,8.4985,395.4,38.536,23.12214,0.2680858071595619,6.627697941215465,1.907870540666376,4.01717210374314e-09,0.4327585932133356,0.0486826457721456,3.0571228303735807,0.0941806774232976,0.2336022260150303,0.0130384047966604,3.163822055674974,0.0367462923299543,1.140175425099171,0.1186591757934967,0.0673361567064043,16,1
21,148,0.0052,0.0005,642.66,1592.32,1403.77,21.61,553.86,2388.06,9087.25,47.46,522.02,2388.07,8168.51,8.441,392,38.74,23.4982,642.414,1591.626,1404.604,21.61,553.9379999999999,2388.032,9084.482,47.38,521.88,2388.036,8164.544,8.42708,393.2,38.854,23.36572,0.2447039027079575,1.9592039199649736,3.205897690195009,0.0,0.1449827575951021,0.0303315017769404,4.191141849139857,0.0758287544406342,0.2476893215295485,0.0279284800867797,3.539629924152405,0.0288377703714972,1.30384048104052,0.1062073443788781,0.0890180711990606,57,0
22,39,-0.0,-0.0005,642.5,1583.42,1410.16,21.61,554.04,2388.09,9055.41,47.36,521.77,2388.11,8133.12,8.4143,392,38.97,23.3058,642.632,1590.128,1407.53,21.61,553.592,2388.09,9047.368,47.496,521.7259999999999,2388.096,8127.844,8.416360000000001,392.6,38.91799999999999,23.3185,0.2338161671057495,3.783327900142512,3.109011096795056,0.0,0.3367788591936719,0.0173205080749356,4.849455639550986,0.1217784874269703,0.4059926107702539,0.0260768096210829,3.7453344309971537,0.0128048037860762,0.8944271909999203,0.1237739875741354,0.0633207312023571,111,0
23,130,-0.0006,0.0003,642.03,1588.77,1403.06,21.61,554.15,2388.05,9051.1,47.22,521.83,2388.08,8133.6,8.4249,392,38.97,23.2815,642.518,1586.27,1398.446,21.61,554.14,2388.046,9051.708,47.246,521.9939999999999,2388.0520000000006,8133.13,8.39454,391.6,38.946,23.39554,0.3081720298783216,4.24074875464222,3.1048800298882484,4.5364647564478705e-09,0.2537715508081265,0.040373258478155,4.192489713764881,0.0887693640847084,0.3211385993614497,0.0238746727715997,2.228497251512864,0.0262625779389636,0.8944271909999362,0.0789303490426425,0.0749844850619061,113,0
24,186,-0.0004,0.0002,643.28,1593.82,1415.13,21.61,553.78,2388.08,9148.56,47.7,520.69,2388.07,8211.21,8.4785,393,38.72,23.2093,643.094,1593.324,1414.218,21.61,553.17,2388.086,9145.684,47.702,521.272,2388.088,8212.542,8.4648,394.2,38.60600000000001,23.26864,0.2177842969499845,6.525222601567301,2.794847044110947,0.0,0.5293864373038584,0.0167332005361514,2.2756823149812897,0.0762889244911582,0.3935352589017787,0.0408656334845247,3.954177537715717,0.0181091137276524,0.8366600265340263,0.0646529195011549,0.0489412198458883,20,1
25,48,0.0019,-0.0004,642.92,1584.08,1403.1,21.61,553.55,2388.08,9046.2,47.38,521.75,2388.07,8132.18,8.4422,394,38.9,23.3876,642.636,1587.492,1403.732,21.61,553.846,2388.0660000000003,9050.078,47.314,521.8860000000001,2388.078,8132.523999999999,8.41338,392.6,38.938,23.32786,0.2247887897555349,4.058863141323594,4.588700251705605,0.0,0.4369553752957882,0.0230217288681468,3.412414101484681,0.0665582451692002,0.4427527526735039,0.0148323969726729,3.1075842707805217,0.0269024534197129,0.8944271909999043,0.0661059755241446,0.0708129084277706,145,0
26,76,-0.002,0.0003,642.31,1580.98,1402.4,21.61,554.45,2388.02,9074.01,47.4,521.93,2387.98,8151.64,8.4331,392,38.89,23.366,642.3100000000001,1586.806,1399.694,21.61,554.048,2388.032,9065.54,47.358,522.066,2388.014,8151.219999999999,8.394120000000001,392.0,38.91,23.40276,0.2339871791355972,4.054322384813337,5.580141575264853,0.0,0.4828250200643455,0.0327108544691742,5.845737763535541,0.0801249024960266,0.1657709262809011,0.0421900462194056,3.511929668991756,0.0240625642856294,0.7071067811864947,0.0761577310586663,0.0654884951728074,119,0
27,140,0.0038,0.0005,642.56,1586.56,1407.16,21.61,553.3,2388.06,9049.45,47.44,521.64,2388.14,8124.15,8.44,392,38.9,23.185,642.506,1587.336,1404.3380000000002,21.61,553.654,2388.084,9049.562000000002,47.386,521.6600000000001,2388.086,8131.084,8.43116,392.4,38.872,23.29432,0.2120848886642519,4.137013415497211,2.216330300285528,0.0,0.2104281349988542,0.0320936130703148,2.8876582207801875,0.0433589667774459,0.2370653918232224,0.0364691650518017,4.726127378728209,0.0218907057903666,1.1401754250991352,0.1098635517357952,0.0939590176619541,66,0
28,158,-0.0002,0.0,642.86,1590.81,1405.28,21.61,553.26,2388.1,9065.84,47.59,521.63,2388.11,8134.63,8.4564,393,38.86,23.2826,642.698,1590.44,1407.5099999999998,21.61,553.408,2388.088,9064.356,47.55,521.7059999999999,2388.1040000000003,8137.456,8.44078,393.4,38.842,23.327260000000003,0.2431460466459007,2.398072142368183,2.677536180895297,0.0,0.4922600938536869,0.0277488738493202,4.178549987721796,0.1014889156509228,0.3309531688931022,0.0194935886899535,1.7670116015641708,0.0117941510928128,0.5477225575052997,0.0855569985448212,0.0499282785603588,97,0
29,171,-0.0002,-0.0001,642.53,1585.72,1405.88,21.61,553.29,2388.08,9074.11,47.26,521.57,2388.07,8147.27,8.4202,393,38.98,23.1975,642.624,1587.5279999999998,1407.7600000000002,21.61,553.736,2388.054,9070.178,47.36,521.4559999999999,2388.08,8148.544,8.415799999999999,393.4,38.894,23.31212,0.2574490240803645,6.485385108071333,3.403446782311506,0.0,0.4829389195327619,0.0279284800860735,3.366744718543716,0.1129158979064073,0.2945844530872961,0.0273861278739527,3.939058263085868,0.0217631569401116,0.5477225575051246,0.081117199162676,0.1157004191867743,90,0
30,143,-0.0036,0.0,642.54,1599.22,1408.62,21.61,553.01,2388.12,9057.71,47.61,521.32,2388.13,8135.44,8.4829,393,38.78,23.3175,642.7099999999999,1593.422,1410.518,21.61,553.46,2388.118,9050.708,47.556,521.118,2388.14,8131.13,8.458760000000002,393.8,38.774,23.25412,0.1581138830088172,4.912099347529716,3.456728221887855,0.0,0.417312832297218,0.0204939015332069,4.762238969224262,0.0750333259292076,0.1599062225160032,0.0173205080688057,3.3793046621980456,0.0302211515333285,1.4832396974191289,0.0461519230366988,0.0377484701676442,115,0
31,196,-0.0005,0.0001,643.31,1598.19,1420.66,21.61,551.48,2388.18,9090.98,47.78,519.55,2388.22,8157.84,8.5015,395,38.53,23.1105,643.552,1598.036,1427.312,21.61,551.6519999999999,2388.192,9087.42,48.0,519.956,2388.198,8156.718000000001,8.492280000000001,395.2,38.534000000000006,23.11658,0.247729691397243,3.7272483147744433,4.7288550411262245,0.0,0.1746997424176022,0.0258843582117596,4.38390807388288,0.1573213272252632,0.3181666230140716,0.0148323969855989,3.572522918052796,0.0225158166629113,0.8366600265340411,0.0939680796868658,0.0396010353399449,8,1
32,145,-0.0033,-0.0001,642.96,1587.37,1406.22,21.61,553.84,2388.05,9105.13,47.48,522.3,2388.05,8173.9,8.438,394,38.84,23.3456,642.588,1591.6280000000002,1409.268,21.61,553.866,2388.028,9099.76,47.464,521.754,2388.034000000001,8173.982000000001,8.44098,393.2,38.812000000000005,23.28484,0.281904239061361,3.8158249435696425,2.0574425872947404,1.1539219181052764e-09,0.2123205124312618,0.0216794833907772,3.737920544870569,0.0415932686862232,0.3528172331399624,0.0114017542516889,2.493295008660572,0.0203315518345053,0.8366600265340518,0.1267675037223452,0.0458842347653456,48,0
33,50,0.0005,0.0005,642.42,1579.36,1416.53,21.61,553.56,2388.14,9059.56,47.61,520.95,2388.11,8134.27,8.4463,392,38.73,23.2843,642.6120000000001,1588.094,1409.636,21.61,553.2959999999999,2388.126,9058.82,47.596,521.438,2388.108,8137.160000000001,8.45348,393.2,38.758,23.2971,0.2738065010182656,5.804522374838967,4.551492063049327,0.0,0.2321206582791527,0.0167332005300333,4.559194007714872,0.0702139587261839,0.3493851742703595,0.0311448230050211,3.4181281427119594,0.0248132424322199,1.3038404810405404,0.1147606204235629,0.0410357770731968,106,0
34,203,-0.0011,-0.0001,643.74,1600.38,1427.49,21.61,551.77,2388.29,9036.27,48.13,519.44,2388.25,8122.11,8.5158,397,38.62,23.0641,643.43,1600.218,1427.362,21.61,551.728,2388.258,9043.920000000002,48.114,519.8059999999999,2388.262,8124.694,8.4971,395.8,38.486,23.137880000000003,0.2199999999953981,1.123552401983762,3.806713805878781,1.1539219181052764e-09,0.1900526242957245,0.0294957624369905,5.292943415492619,0.0541294744104996,0.2295212408417276,0.0238746728026258,2.1035042192099085,0.0171109613990567,1.303840481040539,0.1003992031840332,0.0540326475384329,7,1
35,198,-0.0047,-0.0003,643.4,1602.02,1428.42,21.61,551.76,2388.26,9079.88,48.1,519.81,2388.22,8153.85,8.5141,395,38.63,23.1161,643.422,1599.612,1426.084,21.61,551.9159999999999,2388.224,9081.808,48.044,520.03,2388.202,8154.024,8.50908,395.6,38.588,23.10104,0.0349284984014581,2.240852516348907,3.873748830271116,0.0,0.1383112432060029,0.0250998008090225,2.8673803374932545,0.1604057355582095,0.3025723054049668,0.0178885438304666,4.759556702095437,0.0194342995757596,1.3416407864998978,0.1175584960775643,0.0729133595440171,11,1
36,126,-0.0018,-0.0002,642.94,1599.19,1418.98,21.61,552.32,2388.16,9056.3,47.94,520.01,2388.22,8136.96,8.5259,394,38.54,23.1534,643.2879999999999,1600.852,1422.834,21.61,551.862,2388.168,9064.298,47.908,520.132,2388.2,8138.433999999999,8.497319999999998,394.6,38.594,23.17716,0.3596804136998724,2.0430173763306723,2.34500106609608,0.0,0.2915818924416272,0.0342052627508829,5.14811324662219,0.094445751625094,0.2312358103733383,0.0234520788076324,3.015680686017017,0.024007852881926,0.54772255750517,0.1246194206374536,0.0819340161349215,19,1
37,121,-0.0006,0.0002,643.34,1593.15,1413.38,21.61,552.56,2388.18,9041.71,47.69,520.69,2388.15,8119.07,8.4944,394,38.76,23.2145,643.142,1587.988,1412.594,21.610000000000003,552.944,2388.19,9042.59,47.714,520.984,2388.178,8121.244000000001,8.47244,393.8,38.63,23.24012,0.3019437033592771,4.436955036959294,1.3531925214089566,0.0,0.5202211068377759,0.0158113882757451,4.338081373114424,0.0384707681232625,0.1728583234855507,0.0216794833869884,2.65579178401004,0.0136844071848587,0.8366600265339456,0.1736375535418786,0.0767704174796304,21,1
38,125,-0.0015,-0.0003,643.04,1588.23,1404.91,21.61,553.09,2388.14,9086.18,47.86,520.91,2388.15,8160.76,8.4695,393,38.78,23.1739,642.994,1591.426,1413.448,21.61,552.73,2388.138,9078.966,47.802,520.952,2388.11,8156.837999999999,8.48226,394.2,38.766000000000005,23.18674,0.2734593205586029,2.4110433426213675,4.95164316161747,0.0,0.293768616429292,0.0228035085035822,5.250740900085321,0.1314153720080215,0.0816700679547949,0.039370039368749,3.5066465462651,0.0180682871351982,1.3038404810405269,0.1811905074776361,0.0303107736621385,50,0
39,37,0.0004,0.0003,642.09,1581.58,1402.17,21.61,554.03,2388.02,9061.91,47.2,521.94,2388.0,8147.31,8.3904,393,38.82,23.3721,641.8100000000001,1584.97,1398.6560000000002,21.61,554.192,2388.0080000000003,9058.87,47.212,522.052,2388.022,8143.640000000001,8.40526,391.6,38.97,23.37126,0.3203903868720767,5.360956071448261,3.483558525416859,0.0,0.108719823399968,0.0228035085035582,3.4042546908300366,0.0794984276574059,0.1162755348302538,0.039623225512924,3.719811823197636,0.0270041293138658,1.1401754250991414,0.1135781669160216,0.0394374568145552,142,0
40,133,-0.0036,-0.0005,643.2,1603.15,1420.48,21.61,552.57,2388.17,9066.45,47.84,520.41,2388.17,8143.07,8.47,396,38.58,23.0906,643.1700000000001,1595.202,1418.9740000000002,21.61,552.456,2388.188,9071.384000000002,47.86,520.596,2388.178,8145.751999999999,8.473279999999999,394.8,38.636,23.17632,0.089442719101559,5.617327656458571,2.331111322950997,0.0,0.2881492668749537,0.0370135110464665,4.27210486756498,0.0731436941916816,0.2205221077318156,0.0327108544625485,2.317319572286075,0.0042874234687142,0.8366600265340963,0.1031018913502982,0.0842312115548634,28,1
41,123,-0.0018,0.0001,642.54,1594.24,1416.76,21.61,553.02,2388.19,9036.88,47.64,520.61,2388.2,8115.82,8.4533,395,38.84,23.1718,642.864,1593.502,1414.922,21.61,552.6120000000001,2388.188,9036.64,47.772000000000006,520.762,2388.194,8115.564,8.46748,394.4,38.708000000000006,23.22376,0.2182429838464443,2.4524620282474183,3.454536148313358,0.0,0.5503362608435143,0.0083666002572312,4.985012537599618,0.1047377677822606,0.0928439551159936,0.0207364413757362,1.5657841485907211,0.0296740121992421,0.8944271909998527,0.1283354978172238,0.0713261032161127,18,1
42,156,-0.0004,-0.0,643.31,1599.55,1425.12,21.61,550.94,2388.27,9026.89,47.89,520.54,2388.27,8118.45,8.4792,395,38.51,23.094,643.384,1595.974,1420.946,21.610000000000003,551.772,2388.264,9035.74,47.906,520.226,2388.244,8114.1,8.476040000000001,395.2,38.538,23.1545,0.4065464303129188,3.584345128473187,6.818396439045299,1.1539219181052764e-09,0.4668725736187533,0.0219089023233784,5.930345689773026,0.0808084154033273,0.3706480810652311,0.0288097205928441,3.7016955574330894,0.0073802438984591,0.8366600265340411,0.0363318042488967,0.0543208063267919,10,1
43,172,-0.003,0.0003,642.77,1594.19,1418.4,21.61,552.25,2388.13,9052.93,47.6,520.86,2388.16,8135.46,8.4456,394,38.63,23.2379,643.038,1591.8,1412.628,21.61,553.0020000000001,2388.1240000000003,9055.994,47.678,521.2360000000001,2388.13,8134.295999999999,8.44692,394.4,38.78,23.26068,0.4097194161871189,2.2767850140071078,4.830726653414738,0.0,0.6267934268966654,0.0230217288615476,2.3937063312356988,0.0993478736561247,0.2590945773260691,0.027386127878343,1.896689220716752,0.0150022331670913,0.5477225575052868,0.1354621718415191,0.0736202893229922,59,0
44,54,0.0001,0.0002,642.49,1582.3,1415.29,21.61,552.97,2388.13,9057.77,47.52,521.73,2388.1,8131.44,8.4391,392,38.85,23.3058,642.434,1587.5679999999998,1407.95,21.61,553.6980000000001,2388.102,9056.21,47.42999999999999,521.792,2388.0800000000004,8135.245999999999,8.43404,393.0,38.836,23.33854,0.1553383404058022,5.156119665019343,5.115818605072209,0.0,0.5168849001471078,0.0268328157299052,3.923461481896881,0.1208304597359492,0.2413917977066734,0.0200000000007221,2.5554608194971635,0.033273983831217,0.9999999999999892,0.0773304597166917,0.0270057031013719,109,0
45,152,0.0044,0.0002,642.75,1598.59,1410.33,21.61,553.2,2388.15,9067.31,47.57,520.76,2388.15,8140.56,8.4695,394,38.58,23.312,642.8860000000001,1594.946,1412.668,21.61,552.99,2388.108,9061.566,47.62,521.0799999999999,2388.132,8139.332,8.46888,394.2,38.694,23.26008,0.1614930339041748,3.1879585944625206,2.9668029931177897,0.0,0.6700746227104379,0.0303315017754349,4.76543072554391,0.1000000000000111,0.432839462156235,0.03492849839111,2.953569027472532,0.0180318329628344,0.447213595499977,0.1684636459299259,0.0491893992644932,114,0
46,146,-0.0005,-0.0003,642.79,1594.28,1413.17,21.61,552.73,2388.12,9080.61,47.74,520.97,2388.11,8153.86,8.4628,393,38.61,23.1876,643.21,1593.214,1412.22,21.61,552.836,2388.1040000000003,9083.828,47.684000000000005,520.988,2388.106,8156.701999999999,8.466460000000001,394.0,38.642,23.2394,0.3078148794303348,2.958923790842068,1.9871084519997344,0.0,0.1318332279811024,0.0357770876382664,2.451972675222612,0.0817312669668315,0.3117210291252792,0.0336154726319704,2.6298136816141104,0.0126246980161633,0.7071067811866204,0.0719027120490644,0.03219604012923,47,0
47,73,0.0019,-0.0003,642.73,1587.09,1402.79,21.61,553.05,2388.16,9038.32,47.44,521.29,2388.14,8125.57,8.4586,392,38.79,23.2595,642.642,1589.106,1410.554,21.61,553.194,2388.1539999999995,9040.143999999998,47.518,520.976,2388.15,8123.364,8.444579999999998,392.8,38.776,23.27794,0.3118813877104158,1.8607605971754488,5.441716640913817,0.0,0.4673649537568521,0.0134164078655698,3.650675279997074,0.1175584960774561,0.2307162759760169,0.062048368229541,3.5067477810672325,0.0152322683799876,0.8366600265340688,0.0820365772079531,0.0318462399664339,135,0
48,78,0.0022,-0.0003,642.77,1591.34,1402.73,21.61,553.83,2388.1,9054.14,47.7,522.03,2388.15,8137.24,8.4515,393,38.8,23.3238,642.5319999999999,1591.118,1405.64,21.61,553.672,2388.082,9058.638,47.55,521.676,2388.108,8136.248,8.431000000000001,392.8,38.87,23.30938,0.2723416971378106,0.5693592890281268,3.454728643468222,0.0,0.3790382566444424,0.0130384048088544,3.650749238168148,0.1274754878398216,0.2615912842589373,0.0408656334837381,1.8297732099896116,0.0129056189313085,0.83666002653409,0.0803118920210673,0.072197278342056,92,0
49,303,-0.0055,0.0001,643.21,1607.55,1425.3,21.61,552.0,2388.21,9052.48,48.01,520.27,2388.22,8132.46,8.5168,396,38.56,23.1167,643.3620000000001,1598.836,1422.364,21.61,552.134,2388.224,9052.686,47.92,520.5440000000001,2388.2159999999994,8128.836,8.49558,395.6,38.642,23.11916,0.3042531840483237,5.998752370282196,4.372451257585165,0.0,0.503368652183703,0.0328633534346704,4.2976889138170495,0.0591607978308214,0.2020643461997583,0.0151657508315429,3.2483888313995357,0.0169734203977793,0.5477225575052511,0.0995991967839851,0.0821821635150735,21,1
50,74,0.0,0.0004,642.66,1582.59,1397.65,21.61,553.18,2388.05,9066.84,47.5,521.91,2388.06,8142.07,8.4719,393,38.98,23.291,642.482,1584.936,1403.278,21.61,553.9599999999999,2388.042,9063.844,47.502,522.108,2388.068,8143.272,8.44556,392.6,38.912,23.28742,0.1565886330487122,4.50898880016384,3.721064363861884,0.0,0.4500555521261549,0.0083666002668482,4.263874998169343,0.1425482374496372,0.3134007019773988,0.02167948338868,2.707521006383171,0.0161685806427245,1.140175425099129,0.0589067059000968,0.0575878198927652,79,0
51,144,0.0003,0.0004,642.56,1585.08,1406.6,21.61,553.58,2388.1,9053.37,47.5,521.25,2388.12,8127.61,8.4577,394,38.77,23.3108,642.646,1590.482,1403.716,21.61,553.376,2388.118,9056.836,47.494,521.366,2388.098,8131.122,8.4583,392.6,38.86,23.29518,0.3521079379974842,5.241027571001808,2.27759302773374,0.0,0.2625452341979504,0.0164316767284258,4.9801234924501685,0.071274118724831,0.3277651598321463,0.0238746727758731,2.126774553168397,0.0045787552894087,0.8944271909999203,0.187216452268484,0.0706871416878481,114,0
52,189,0.0028,-0.0002,643.15,1600.96,1412.05,21.61,553.19,2388.11,9122.6,47.55,521.27,2388.07,8192.02,8.4645,395,38.66,23.211,642.706,1594.13,1410.122,21.610000000000003,553.388,2388.1,9111.554,47.604,521.386,2388.058,8189.138000000001,8.44614,394.0,38.774,23.25596,0.2933087110843889,3.925181524461323,2.197730647741742,0.0,0.1595932329355857,0.0158113883249955,6.592801377350709,0.1023718711363424,0.2769115382228667,0.0277488738493171,4.199579740933308,0.0127656962207741,0.9999999999999644,0.1057355191030568,0.0534407428840351,29,1
53,164,-0.0021,-0.0004,642.87,1602.76,1418.18,21.61,553.09,2388.08,9102.33,47.75,520.98,2388.05,8180.97,8.4702,394,38.64,23.1671,642.8399999999999,1592.36,1411.304,21.61,552.984,2388.072,9106.894,47.708,520.922,2388.0780000000004,8178.882,8.46054,393.8,38.696,23.23828,0.2250555487010863,6.02978026133596,5.714151730573986,0.0,0.4038316480904765,0.0164316767212119,2.935477814588346,0.098336158151613,0.26985181118377,0.0228035084991294,2.77796148281554,0.0152139081106689,1.3038404810404844,0.0884872872227256,0.0708064050774898,26,1
54,121,-0.0019,0.0,642.43,1580.89,1399.84,21.61,555.07,2388.05,9064.43,47.34,522.28,2387.97,8143.64,8.3926,392,38.95,23.4385,642.424,1585.128,1402.3719999999998,21.608,554.288,2388.018,9062.616,47.276,522.1619999999999,2387.992,8145.636,8.419279999999999,392.2,39.044,23.4431,0.3110144691166289,6.18562607987256,2.0716587556821966,0.004472135954999,0.4738354144632722,0.0349284983947822,2.435606700590552,0.0606630035523591,0.1917550520845072,0.0216794833937404,1.8433746227982888,0.0178195678959887,1.483239697419149,0.0991463564635625,0.0236972572252472,97,0
55,113,-0.0059,0.0002,642.2,1585.68,1399.63,21.61,553.37,2388.09,9056.16,47.5,521.92,2388.04,8135.62,8.4276,393,38.93,23.3438,642.448,1587.764,1404.776,21.61,553.8,2388.068,9058.526000000002,47.398,522.138,2388.078,8140.288,8.42574,392.8,38.996,23.34284,0.2788727308290742,4.253149421311603,5.674440941626217,0.0,0.2656124997069103,0.0248997991971609,4.0362581681648,0.1229634091915662,0.3740588189040784,0.0258843582151353,2.7452631932105467,0.0241685332612483,0.4472135955000008,0.0527257053059282,0.0809358573192459,137,0
56,136,-0.0028,-0.0005,643.32,1598.6,1416.85,21.61,551.45,2388.23,9035.55,48.02,520.0,2388.23,8116.7,8.5235,395,38.51,23.1772,643.442,1594.816,1423.406,21.61,552.0519999999999,2388.262,9044.96,47.962,520.0379999999999,2388.246,8118.13,8.50596,395.0,38.524,23.06972,0.3901538158201272,3.9479399691492927,4.739122281605878,0.0,0.3482384240698768,0.0204939015337783,6.704203905011985,0.0501996015924985,0.1897893569116652,0.042778499276646,3.9893796510301063,0.0156169139076856,2.2302015940987717e-07,0.0487852436707771,0.076391962927963,15,1
57,160,0.0035,-0.0001,642.17,1590.38,1411.95,21.61,552.43,2388.11,9043.8,47.59,521.61,2388.19,8131.76,8.4603,394,38.77,23.291,642.6479999999999,1588.9540000000002,1412.772,21.61,553.068,2388.12,9048.468,47.542,521.2,2388.144,8130.798,8.452580000000001,394.2,38.794,23.21798,0.3886129179531108,1.9885874383603463,2.439338024954431,0.0,0.4496331838286347,0.038078865529055,6.7165370541643,0.1227599283153939,0.3421987726462236,0.0288097205874626,1.0990996315164796,0.0492698386439512,0.8366600265341112,0.0960728889958687,0.0557305750912136,103,0
58,176,0.0,0.0005,643.01,1596.72,1418.42,21.61,553.07,2388.24,9058.12,47.78,521.2,2388.2,8128.82,8.497,392,38.46,23.1747,642.9979999999999,1593.168,1417.984,21.61,552.7539999999999,2388.176,9056.024,47.762,521.0219999999999,2388.1760000000004,8132.568000000001,8.47186,393.6,38.698,23.2419,0.3070342000490162,2.3006672944980857,3.1479405966355385,0.0,0.4989288526438597,0.0477493455472501,5.243322419992307,0.081055536516871,0.1666433316983713,0.0230217288741315,3.804907357617645,0.0282891852127442,1.1401754250991805,0.1470374102057644,0.0828755693796639,37,0
59,94,-0.0007,-0.0004,642.18,1584.24,1401.21,21.61,553.72,2388.0,9055.0,47.08,521.78,2388.05,8140.39,8.4267,390,38.92,23.4337,642.198,1585.448,1400.494,21.61,554.05,2388.036,9056.906,47.238,521.948,2388.054,8139.924000000001,8.42686,391.6,38.954,23.42486,0.276622486431929,2.4080220098644056,4.3482559722270615,0.0,0.3867815921161717,0.0357770876406398,3.132559656266414,0.1287245120402446,0.1614620698489605,0.0089442719187073,2.492113560819412,0.010426073086242,0.8944271909999302,0.044497190922603,0.0703269720662045,114,0
60,147,-0.0003,-0.0003,642.86,1592.46,1402.77,21.61,553.31,2388.12,9054.22,47.53,521.66,2388.07,8136.13,8.4484,394,38.87,23.2971,642.646,1590.306,1409.598,21.61,553.1499999999999,2388.1140000000005,9055.728,47.53000000000001,521.186,2388.106,8135.158,8.4225,393.6,38.82000000000001,23.3148,0.1771440092133986,3.1152094632616776,5.279992424237477,0.0,0.6371028174479287,0.0250998008013203,3.9161166989799727,0.0851469318296375,0.375539611760016,0.0409878030666732,4.992005608976696,0.0195610582535762,0.5477225575052154,0.0556776436282668,0.0562440219045356,100,0
61,159,0.0032,0.0002,643.29,1603.16,1414.17,21.61,552.74,2388.16,9065.79,47.81,520.97,2388.17,8147.51,8.4725,395,38.64,23.1314,642.954,1597.124,1418.726,21.61,552.51,2388.144,9067.164,47.754,520.712,2388.182,8145.096,8.48056,394.4,38.636,23.22566,0.3506137475906571,5.219935823359086,4.342191842838874,0.0,0.2218107301276732,0.0391152144275089,1.5098940360215185,0.0832466215530374,0.4749947368107732,0.0178885438375416,2.101720723610814,0.0060591253495396,0.5477225575052511,0.0856154191719499,0.0704476614231637,21,1
62,232,-0.0029,-0.0005,642.83,1594.78,1407.86,21.61,553.81,2388.03,9096.2,47.52,521.2,2388.06,8162.08,8.4622,394,38.75,23.2719,642.676,1595.5220000000002,1411.508,21.61,553.458,2388.066,9092.784,47.534000000000006,521.392,2388.0600000000004,8166.988,8.45048,394.0,38.72,23.23426,0.2159398064299745,2.615065964749252,3.203680695698627,0.0,0.3823218539420036,0.0531977443124575,3.7275903747143233,0.0947628619238641,0.2320991167577929,0.0158113883148142,5.038201067852204,0.0137627032228564,1.2247448713915732,0.079686887252656,0.0564100434321057,54,0
63,155,-0.0019,-0.0003,643.26,1592.19,1412.74,21.61,552.8,2388.19,9052.57,47.79,521.17,2388.17,8131.3,8.4704,393,38.8,23.2344,642.8100000000001,1592.194,1410.436,21.61,552.4780000000001,2388.158,9051.82,47.682,521.214,2388.1600000000003,8128.572,8.47206,393.6,38.694,23.2534,0.3192961008225948,2.1335955568006484,2.045734586890394,0.0,0.2802142037802447,0.0216794833936867,2.1721648187908094,0.0936482781475304,0.2127909772535511,0.0200000000085722,4.344625415382128,0.0338246655563464,0.5477225575051083,0.0826438140456023,0.0213610627076328,72,0
64,168,0.0012,0.0004,643.01,1597.94,1417.14,21.61,552.05,2388.22,9056.25,47.73,520.97,2388.13,8133.0,8.4665,394,38.61,23.167,643.2059999999999,1596.536,1418.196,21.61,552.4040000000001,2388.1940000000004,9054.616,47.764,520.6179999999999,2388.178,8136.058,8.4758,394.0,38.63,23.15574,0.2394368392720555,4.33532928392029,2.716464614160476,0.0,0.3363480340311066,0.0240831891569277,2.816039772471264,0.0864869932416441,0.3169700301316584,0.0443846820345078,3.206052089409031,0.0287568252768016,0.7071067811865751,0.072456883730981,0.0389159735842264,28,1
65,71,0.0012,0.0,641.75,1588.1,1398.17,21.6,554.39,2388.03,9063.17,47.1,522.65,2388.03,8153.06,8.424,392,39.19,23.327,641.888,1586.008,1400.672,21.608,554.52,2387.998,9065.268,47.182,522.282,2388.01,8150.338000000001,8.41732,391.4,39.018,23.39488,0.3367788591936112,2.426225463553972,3.206862953105868,0.0044721359549988,0.2451530134429464,0.0311448230056076,3.4098269750823227,0.1366382084191752,0.255284155402814,0.0524404424092257,4.360839368744906,0.0259288835085528,0.8944271909999282,0.1118928058455973,0.0800746339361056,128,0
66,147,-0.0014,-0.0003,643.34,1599.38,1422.98,21.61,552.06,2388.09,9122.3,47.92,520.75,2388.11,8197.69,8.4838,396,38.61,23.0669,643.434,1597.568,1420.956,21.61,552.1740000000001,2388.114,9123.116,47.886,520.696,2388.106,8192.294,8.48484,395.2,38.612,23.16328,0.2869320477062065,3.990610229025032,4.35907444303607,0.0,0.4883953316712333,0.0450555213027425,4.07807920473811,0.1085357084098215,0.2645373319587534,0.0114017542558435,4.142309742190342,0.0182022800769392,0.8366600265340772,0.0496990945592496,0.0656568503661564,14,1
67,71,0.0012,0.0001,642.39,1593.86,1409.97,21.61,554.52,2388.12,9046.26,47.27,521.75,2388.11,8141.98,8.3732,392,38.78,23.2914,642.4159999999999,1587.64,1403.5099999999998,21.61,554.1220000000001,2388.0620000000004,9056.652,47.296,521.83,2388.0520000000006,8136.795999999999,8.409980000000001,392.0,38.892,23.32384,0.1662227421263904,4.469921699537856,4.75426124650223,4.5364647564478705e-09,0.3656774535028056,0.0396232255137214,5.987309078370994,0.118659175793533,0.3014133374627131,0.0491934955047041,5.209331051103332,0.0378780543322905,0.7071067811865199,0.1112205017072058,0.0257740761230883,77,0
68,187,-0.0015,-0.0004,643.21,1602.07,1427.25,21.61,552.0,2388.2,9086.59,48.04,520.47,2388.22,8160.32,8.4867,396,38.63,23.1989,643.588,1600.774,1422.718,21.610000000000003,551.7180000000001,2388.208,9086.045999999998,47.98,520.124,2388.196,8158.082,8.50188,396.2,38.562,23.16446,0.313799298914112,5.259441985616401,3.205958515011197,0.0,0.335141761044347,0.0383405790221399,4.98340044543445,0.1137980667673199,0.2683840531763354,0.0304959013435501,3.274083077758836,0.0229310270158003,0.8366600265341558,0.1231665539017465,0.0767353438775329,8,1
69,54,-0.0029,-0.0003,642.31,1593.68,1403.96,21.61,553.66,2388.12,9048.62,47.37,521.84,2388.16,8128.39,8.4387,393,38.95,23.1958,642.2379999999999,1589.504,1402.386,21.61,553.442,2388.11,9045.748,47.446000000000005,521.7940000000001,2388.112,8130.147999999999,8.42754,392.2,38.904,23.26468,0.471667255594671,4.475927836772353,2.727376028345456,0.0,0.3206555784639441,0.0282842712480571,2.4682929323753218,0.0896102672689003,0.166072273423523,0.0370135110466241,5.032208262779764,0.016539891172558,0.447213595499973,0.1260158720161941,0.0481022036917374,121,0
70,152,0.002,-0.0001,642.71,1588.56,1406.49,21.61,553.01,2388.1,9054.84,47.67,521.65,2388.11,8133.88,8.4349,394,38.85,23.2231,642.894,1589.53,1407.922,21.61,553.368,2388.0999999999995,9055.726,47.584,521.45,2388.13,8135.102000000001,8.447819999999998,392.8,38.806,23.27366,0.4083258502719277,2.2523321247084565,2.393505796940953,0.0,0.2765320957863444,0.024494897429382,3.634230317384061,0.0638748776907899,0.5338070812568201,0.029154759477352,4.466712437580393,0.0117569979161381,0.8366600265340667,0.0730068489936664,0.0506274925312288,94,0
71,68,0.0021,0.0003,642.52,1585.45,1400.97,21.61,553.17,2388.01,9068.53,47.35,522.42,2388.08,8146.19,8.4386,391,38.93,23.3188,642.374,1585.532,1400.66,21.608,553.9639999999999,2388.048,9068.298,47.328,522.2719999999999,2388.052,8147.274,8.41724,392.0,38.882,23.363,0.2494594155370501,4.847707705710036,1.9755632108347008,0.0044721359549988,0.7036192152009393,0.0356370593619486,3.972633886981478,0.0630079360080539,0.2855170747959156,0.0311448230033028,3.2459867529006874,0.0127825271366903,1.0000000000000355,0.0892748564826815,0.0584692654306768,118,0
72,131,0.0002,-0.0004,642.9,1588.49,1410.57,21.61,553.52,2388.11,9072.03,47.69,521.47,2388.09,8149.27,8.445,394,38.91,23.2905,642.6699999999998,1587.744,1409.154,21.610000000000003,553.274,2388.086,9068.26,47.6,521.408,2388.092,8147.994000000001,8.43378,393.2,38.856,23.32438,0.4034848200375948,3.94242057624343,5.096810767530507,0.0,0.4353504335599324,0.0336154726318782,3.1159508981903263,0.0561248608013791,0.2914961406269914,0.0389871773831739,1.9484173064310053,0.0148015877526692,1.3038404810405404,0.1432829368766923,0.0412828899182703,50,0
73,112,0.0056,0.0002,642.27,1576.93,1398.62,21.61,554.41,2388.08,9051.39,47.25,522.02,2388.05,8136.87,8.4317,393,38.95,23.3074,642.356,1583.904,1402.608,21.61,554.1299999999999,2388.054,9058.378,47.356,521.932,2388.074,8137.523999999999,8.4208,392.6,38.882000000000005,23.34104,0.323465608682128,4.7300613103845945,4.647727401646768,0.0,0.2108316864236108,0.0167332005304149,4.242684291821204,0.1295376393176935,0.2407695994100412,0.0181659021251666,2.021912461016504,0.0137018246960091,1.140175425099118,0.0576194411635876,0.0765049867655629,131,0
74,137,0.0017,-0.0004,642.61,1595.16,1406.15,21.61,552.44,2388.1,9063.35,47.54,521.39,2388.07,8139.59,8.4362,392,38.79,23.201,642.7560000000001,1592.0759999999998,1407.89,21.61,553.4999999999999,2388.086,9058.22,47.514,521.316,2388.1040000000003,8140.974,8.45384,392.6,38.8,23.25902,0.2123205124331303,3.462062968809848,4.789911272665018,0.0,0.6697760819853223,0.023021728865369,3.376618130606552,0.0665582451692048,0.3059084830467944,0.0415932686904295,3.848945310081489,0.0164478874023303,0.5477225575052835,0.0458257569496013,0.0484846058042731,126,0
75,88,0.0036,0.0001,642.13,1594.47,1403.3,21.61,554.11,2388.12,9051.28,47.4,521.52,2388.1,8132.14,8.4316,392,38.98,23.4919,642.1899999999999,1588.1219999999998,1404.624,21.610000000000003,553.478,2388.082,9055.388,47.462,521.8399999999999,2388.074,8138.07,8.42756,392.6,38.892,23.36084,0.3563705936243669,3.7766612238848474,5.529650079344053,4.01717210374314e-09,0.5451330112919494,0.0277488738533578,3.935723567536086,0.1608415369237973,0.4205948168968246,0.0194935886910538,3.9204974174219775,0.0211547394217027,1.140175425099129,0.0554075807087434,0.0810631112158869,113,0
76,205,0.0004,0.0002,643.14,1603.48,1420.07,21.61,551.82,2388.18,9114.99,48.04,520.19,2388.14,8182.45,8.5125,395,38.46,23.0737,643.4620000000001,1601.178,1424.952,21.61,552.134,2388.15,9108.978,47.994,520.17,2388.156,8180.954,8.50778,396.0,38.494,23.09144,0.4071486215146663,2.019868807617037,5.118155917905808,0.0,0.3426806093086937,0.0244948974586111,3.550594316556969,0.1031018913505006,0.3056959273512913,0.030495901379049,2.597196565615432,0.0207889874693155,0.7071067811865325,0.1393915348938436,0.0204306877023036,10,1
77,162,-0.0027,0.0003,642.79,1593.81,1418.62,21.61,552.24,2388.25,9045.43,47.81,520.16,2388.21,8128.16,8.4543,396,38.75,23.1712,642.8619999999999,1593.232,1415.132,21.610000000000003,552.398,2388.194,9044.556,47.748000000000005,520.626,2388.194,8126.910000000001,8.45726,394.8,38.74399999999999,23.19916,0.3750599952002043,5.264225489092523,3.805794266639293,0.0,0.3574492970997511,0.0364691650508574,3.6438207969258896,0.1231665539015497,0.3594857438070203,0.0230217288602637,1.730837947345829,0.0154312345585219,0.8366600265340624,0.0512835256198334,0.0725677132063367,34,0
78,72,-0.0034,0.0003,641.78,1580.66,1389.33,21.61,554.93,2387.99,9062.94,47.2,522.51,2387.96,8148.46,8.3793,391,39.0,23.2748,642.1,1583.736,1395.2,21.608,554.866,2387.986,9064.284,47.104,522.4460000000001,2387.99,8150.136,8.399840000000001,390.8,39.074,23.41156,0.2405202694162472,4.181845286473715,6.479733790828492,0.0044721359549977,0.1916507239741802,0.0270185121724131,4.574393948930684,0.1238143771942555,0.0904433524377933,0.0291547594754692,2.3051095418648204,0.016719838515981,0.8366600265340327,0.0622896460095598,0.0781944243536609,107,0
79,101,-0.0031,-0.0001,642.43,1590.94,1405.39,21.61,553.4,2388.15,9040.39,47.66,521.55,2388.14,8125.55,8.4516,393,38.72,23.287,642.546,1587.9720000000002,1406.23,21.61,553.682,2388.1,9043.984,47.474,521.508,2388.096,8125.7,8.440940000000001,392.6,38.866,23.32022,0.201320639776354,4.215977941118679,3.5694747512775318,0.0,0.3359613072961242,0.0418330013272683,3.614910787294524,0.1094531863402152,0.1300769003319419,0.0320936130691101,2.596719083764296,0.0172888114108651,0.8944271909999599,0.1059716943338471,0.0416412295687623,63,0
80,133,-0.0029,0.0001,642.64,1591.41,1407.15,21.61,552.63,2388.11,9069.7,47.57,521.05,2388.02,8142.89,8.4671,393,38.69,23.2813,642.692,1590.62,1408.376,21.61,553.2639999999999,2388.11,9067.13,47.516000000000005,521.3120000000001,2388.078,8143.433999999999,8.44526,392.8,38.8,23.29476,0.2339230642760805,4.295113502575741,1.8369893848368983,0.0,0.4587264980365261,0.015811388295436,4.912753810228465,0.1460479373357018,0.3692830892413659,0.0370135110451905,3.441660936233316,0.0126007142654904,0.4472135954997863,0.0651920240520376,0.0511467789796921,90,0
81,213,-0.0027,0.0003,643.49,1598.35,1427.83,21.61,551.53,2388.2,9075.26,48.11,519.67,2388.22,8148.37,8.4987,397,38.46,23.1537,643.436,1599.004,1427.678,21.610000000000003,551.236,2388.216,9077.586,48.032,519.7180000000001,2388.192,8150.4,8.506620000000002,396.0,38.446,23.130460000000003,0.1944993573220009,3.1617763994299386,2.660802510532588,0.0,0.1886266153000717,0.0304959013608113,3.054550703422142,0.0947100839404272,0.3194056981326872,0.0454972526702439,3.080032467359409,0.0094155191039379,0.7071067811865325,0.1059716943339452,0.0592435903705687,8,1
82,162,-0.0016,0.0,643.57,1597.99,1427.69,21.61,551.15,2388.2,9058.64,48.08,520.02,2388.29,8126.2,8.5028,397,38.62,23.1211,643.3779999999999,1595.932,1422.1420000000005,21.61,551.95,2388.228,9051.324,48.08,519.9300000000001,2388.254,8127.331999999999,8.50892,395.4,38.542,23.18104,0.2245439823326964,4.039160803928068,3.8460330211806304,0.0,0.4971418308685002,0.0454972526625887,4.426921051958626,0.0997496867161785,0.1948075973835445,0.0296647939720889,2.414895442851426,0.0112755044233098,1.3416407864998794,0.0852642949892831,0.0549554637865842,9,1
83,73,-0.0024,0.0002,642.81,1594.68,1406.9,21.61,553.87,2388.06,9058.7,47.2,521.67,2388.09,8141.38,8.4309,392,38.74,23.3021,642.586,1588.69,1402.496,21.61,554.358,2388.066,9058.824,47.386,521.86,2388.0600000000004,8140.986,8.41644,392.6,38.896,23.37262,0.2193855054462919,4.330265580768746,4.6749577538201565,0.0,0.6290230520420458,0.0288097205809558,4.48315513895602,0.1171750826754573,0.201494416795993,0.0374165738678925,2.327494360898968,0.0168929867104658,0.5477225575050597,0.1860913754046491,0.085881732632732,137,0
84,172,0.0015,0.0001,643.39,1588.7,1412.73,21.61,552.47,2388.16,9050.57,47.6,520.88,2388.22,8130.61,8.4791,395,38.62,23.2039,642.7560000000001,1592.9,1411.244,21.610000000000003,552.524,2388.15,9048.334,47.658,520.8720000000001,2388.1620000000003,8131.068000000001,8.45644,394.0,38.74,23.21514,0.4496443038672256,4.386199949843552,3.619707170477213,0.0,0.4563770371080666,0.0199999999994749,2.637817279511359,0.0563027530410776,0.1933132173432252,0.0601664358259781,2.963523241015165,0.028968741774554,1.2247448713916125,0.0886002257333197,0.0518848050974596,58,0
85,34,0.0014,-0.0005,642.58,1582.94,1413.22,21.61,553.55,2388.07,9045.23,47.73,521.43,2388.09,8126.6,8.4228,393,38.84,23.3107,642.742,1589.012,1405.8759999999995,21.61,553.192,2388.09,9049.254,47.516000000000005,521.492,2388.114,8129.790000000001,8.4253,392.8,38.856,23.23842,0.2873499608494598,5.165793259510011,6.150177233218602,0.0,0.2547940344668493,0.0244948974278671,2.698884954937607,0.1207476707849934,0.3225988220687354,0.0288097205822149,2.085329710141233,0.0087635609200817,1.095445115010335,0.0879204185613172,0.0696730722733054,118,0
86,110,-0.0012,0.0004,643.07,1586.29,1404.83,21.61,553.65,2388.05,9074.53,47.52,521.52,2388.13,8148.14,8.45,394,38.94,23.2484,642.8979999999999,1586.952,1406.15,21.61,553.53,2388.064,9066.59,47.424,521.5459999999999,2388.1,8145.827999999999,8.44018,392.6,38.844,23.30948,0.2415988410576627,3.042469391794112,2.395203540410796,0.0,0.2006240264787886,0.0151657508898602,4.795826310463512,0.0814248119433415,0.2085185843038424,0.0387298334597965,2.1974234912533306,0.0189104997289832,1.3416407864998914,0.1234098861518113,0.0456874928180365,89,0
87,56,-0.0019,0.0005,642.18,1584.33,1391.48,21.61,554.39,2388.04,9056.99,47.4,522.15,2388.02,8146.94,8.4313,393,38.89,23.2605,642.1479999999999,1585.836,1397.226,21.61,554.3040000000001,2388.04,9059.682,47.298,522.146,2388.0440000000003,8142.17,8.418,392.2,38.988,23.37482,0.3762578902828928,6.274964541732433,3.65722982597533,4.5364647564478705e-09,0.4789363214457574,0.0254950975660344,3.29731254204745,0.0889943818451414,0.3303483010400133,0.0288097205832205,4.446504244908011,0.0300808078348982,0.8366600265340858,0.0715541752799497,0.0707527879309374,116,0
88,68,0.0021,0.0005,642.91,1593.67,1405.22,21.61,553.68,2388.14,9046.75,47.39,521.69,2388.18,8127.79,8.4101,394,38.8,23.4181,642.926,1588.374,1408.816,21.61,553.382,2388.152,9042.624,47.592,521.2679999999999,2388.1400000000003,8123.44,8.44868,393.2,38.812,23.3219,0.3576730350470951,5.114482378500905,3.184498390642409,0.0,0.2524282076167149,0.0130384048106019,3.2086882054853865,0.1362717872488857,0.3683340874804349,0.0264575131095325,4.352608413355047,0.0230480367927522,0.8366600265340539,0.1130044246921317,0.0784348455726192,115,0
89,177,0.001,-0.0003,642.91,1588.94,1407.43,21.61,553.18,2388.08,9057.58,47.36,521.47,2388.12,8130.76,8.4575,395,38.82,23.235,642.89,1589.3179999999998,1407.884,21.61,553.3399999999999,2388.098,9053.052,47.45,521.2560000000001,2388.128,8133.040000000001,8.437439999999999,393.8,38.824,23.27482,0.2390606617565063,2.9606705321580367,3.5582341125916988,0.0,0.2689795531261439,0.0349284983966139,4.178776136633218,0.0924662100445433,0.1916507239746729,0.013038404787133,1.4968633872577264,0.0163762938420137,1.3038404810405009,0.0844393273303011,0.0384352962783251,136,0
90,146,-0.0011,0.0003,643.45,1587.78,1418.85,21.61,552.31,2388.19,9087.59,48.0,521.32,2388.09,8156.46,8.4686,393,38.6,23.1409,643.164,1594.22,1419.754,21.61,552.628,2388.166,9083.888,47.968,520.6020000000001,2388.12,8156.611999999999,8.469739999999998,394.6,38.64,23.13518,0.3986602563592806,6.885633594667005,4.8538829816952616,0.0,0.5042519211663546,0.0260768096176675,3.41077263981931,0.1015874007933976,0.5271811832757488,0.0273861278725765,2.153803612162072,0.0145863977732796,1.140175425099129,0.0966953980290739,0.0539350257253228,28,1
91,234,-0.0003,0.0001,643.18,1605.05,1419.74,21.61,552.22,2388.2,9052.13,48.01,520.96,2388.21,8123.71,8.5104,395,38.73,23.2522,643.326,1597.582,1417.722,21.61,552.01,2388.214,9049.766,47.962,520.104,2388.224,8126.664,8.48826,394.4,38.612,23.12128,0.2364952430799649,5.183369560432922,3.363624533146456,0.0,0.3217918581936133,0.0260768096298179,2.805446488524839,0.0396232255124083,0.5250047618826895,0.0328633534646512,3.5239438134004826,0.022729562248278,0.5477225575050273,0.1138859078200627,0.092940583170138,38,0
92,150,-0.001,-0.0004,644.03,1597.06,1414.07,21.61,550.88,2388.23,9049.25,47.98,520.17,2388.19,8122.89,8.4804,394,38.53,23.1211,643.1780000000001,1596.368,1420.5220000000002,21.61,551.704,2388.216,9048.138,48.010000000000005,520.258,2388.224,8123.536,8.484440000000001,395.4,38.55,23.15868,0.5210278303508776,3.9260501779771455,4.005367648542529,0.0,0.5440404396748794,0.0207364413632015,2.478330082930626,0.0874642784224882,0.3721155734435384,0.0304959013585513,2.304795001726501,0.0160303774128802,1.3416407864998356,0.0587367006221658,0.0553899088282818,20,1
93,244,-0.0019,-0.0003,643.02,1598.84,1416.19,21.61,552.86,2388.15,9074.82,47.67,520.66,2388.14,8155.63,8.4826,392,38.7,23.1944,643.0659999999999,1594.724,1417.686,21.61,552.3320000000001,2388.134,9078.88,47.734,520.732,2388.144,8154.142,8.48922,394.0,38.674,23.20116,0.5152475133372535,2.8917261281109017,2.425207207647936,0.0,0.4896631495242982,0.0482700735422666,4.267944470040635,0.0439317652729703,0.2324220299357909,0.0250998007927496,1.6469881602014045,0.0161352719220713,1.224744871391518,0.0853229160307945,0.050506514431301,85,0
94,133,0.0008,0.0001,642.77,1589.5,1420.94,21.61,552.78,2388.17,9051.22,47.81,520.62,2388.13,8133.36,8.5167,393,38.63,23.2933,642.778,1594.468,1414.982,21.61,552.6119999999999,2388.1580000000004,9058.074,47.696,520.9200000000001,2388.14,8133.992,8.473759999999999,393.6,38.694,23.20244,0.1130044246909253,5.538494380243016,4.2235435359422056,0.0,0.2730750812500619,0.0258843582144757,5.0281338486631135,0.0861974477581044,0.3577708763995999,0.0264575131111879,2.247402945612545,0.028827469538629,0.5477225575051213,0.1537205256301321,0.0947025501240779,55,0
95,89,0.0001,0.0004,641.97,1586.25,1398.61,21.61,553.47,2388.08,9052.14,47.42,521.95,2388.1,8135.14,8.4294,394,38.94,23.3458,642.328,1585.458,1403.112,21.608,553.458,2388.082,9050.490000000002,47.428,521.72,2388.05,8132.858,8.42714,393.0,38.934,23.34286,0.545591422219889,3.126318921671152,4.251749051859854,0.0044721359549988,0.294057817444889,0.0178885438159919,2.770875312978665,0.0563027530410736,0.3181194744113681,0.0316227766021161,3.486419366625476,0.008429294157895,1.0000000000000124,0.0746993975879353,0.0496683802836375,128,0
96,97,-0.0006,0.0003,642.3,1590.88,1397.94,21.61,553.99,2388.03,9062.41,47.14,522.3,2388.01,8148.24,8.411,391,38.96,23.4606,642.274,1588.696,1399.86,21.610000000000003,554.3219999999999,2388.028,9069.904,47.260000000000005,522.308,2388.0380000000005,8149.114,8.41294,392.0,39.02,23.37366,0.1320227253166962,6.148636434203466,4.033088146817013,4.01717210374314e-09,0.365472297171218,0.0109544511508673,4.798429951557393,0.1226784414638595,0.2308029462552277,0.0383405790243452,3.7892519050554623,0.0188998148139116,1.0000000000000018,0.0620483682299749,0.0727512405392472,137,0
97,134,0.0013,-0.0001,642.59,1582.96,1410.92,21.61,554.05,2388.06,9076.36,47.38,521.58,2388.06,8155.48,8.45,395,38.61,23.2953,642.4739999999999,1586.958,1403.138,21.61,553.9399999999999,2388.046,9078.602,47.384,521.722,2388.0520000000006,8153.289999999999,8.42578,393.6,38.804,23.35936,0.2784420945187013,3.967192962284314,4.916626892494702,0.0,0.4011857425179353,0.0181659021333362,4.124120512269959,0.0934344690143612,0.2168409555425259,0.0130384047980373,4.418517851041802,0.018801515896337,1.34164078649987,0.1624192106863736,0.0545581158032478,82,0
98,121,0.0017,0.0001,642.68,1599.51,1415.47,21.61,553.44,2388.13,9062.34,47.66,521.53,2388.09,8146.39,8.4235,394,38.76,23.3608,642.744,1593.578,1411.744,21.61,553.246,2388.114,9063.68,47.614,521.362,2388.1159999999995,8141.98,8.459480000000001,394.0,38.764,23.3079,0.2493591786966086,4.324016651212357,4.815483360994097,0.0,0.1596245595164952,0.0151657508943687,2.654213631195623,0.1167475909816349,0.3258373827545867,0.0151657508858829,3.216822966844915,0.0216763004223561,0.7071067811865526,0.0364691650574249,0.0593680048510791,59,0
99,97,0.0047,-0.0,642.0,1585.03,1397.98,21.61,554.75,2388.01,9067.16,47.26,521.82,2388.02,8150.38,8.4003,391,38.95,23.3595,642.3700000000001,1584.4060000000002,1399.4900000000002,21.610000000000003,554.3720000000001,2388.004,9067.76,47.194,521.972,2388.0240000000003,8152.418,8.39912,391.0,38.994,23.3945,0.2968164415936928,1.9017044986011584,2.7439023306249357,0.0,0.4878216887347089,0.0181659021250002,4.039306871213068,0.0712741187247844,0.3537937252127399,0.0207364413513579,4.816266188664144,0.0161194602887201,0.7071067811865476,0.0782943165242633,0.0785086937860885,117,0
100,198,0.0013,0.0003,642.95,1601.62,1424.99,21.61,552.48,2388.06,9155.03,47.8,521.07,2388.05,8214.64,8.4903,396,38.7,23.1855,643.222,1596.98,1417.802,21.61,553.104,2388.062,9146.748,47.654,521.0640000000001,2388.052,8215.298,8.4682,395.0,38.64,23.227,0.1755562587907911,3.4613436697282305,7.014140717151324,0.0,0.377928564677212,0.0327108544698633,5.678936519928286,0.0928977933001364,0.2368121618498688,0.0356370593617691,3.70521524359164,0.0152019735560163,0.707106781186545,0.0484767985746527,0.0430941991455926,20,1
